{"web":{"client_id":"530784826126-rl3qp58316clhb45fesepf0qv599cmpk.apps.googleusercontent.com","project_id":"catalog-app-182004","auth_uri":"https://accounts.google.com/o/oauth2/auth","token_uri":"https://accounts.google.com/o/oauth2/token","auth_provider_x509_cert_url":"https://www.googleapis.com/oauth2/v1/certs","client_secret":"bZRnJZCpIcaW4gMsFStTcgLr","redirect_uris":["http://localhost:8000","http://localhost:8000/login","http://localhost:8000/gconnect"],"javascript_origins":["http://localhost:8000"]}}